{
    "loss": 1.9652049541473389,
    "accuracy": 0.8273381590843201
}