{
    "loss": 9.919163703918457,
    "accuracy": 0.5179855823516846
}